INSERT INTO users (is_active, register_date, id, pictureuri, email, first_name, location, old_password, password, salutation, surname, username, about_me, modification_date, country, deletion_date, is_deleted)
VALUES
    (true, '2025-10-17 15:47:58.174168', '0219213a-e9ce-451b-9a60-d51fa22af669', '/uploads/profile-pictures/b940fe44-f35b-4d56-93d3-2ea594faadb7_al-bundy.jpg', 'al@footlocker.com', 'Al', 'Chicago', NULL, '$2a$10$sLt2rEIC6cb/joChR3IUDutyi8nLOrb1PaxsxowuiPqa.HLcLiBM.', 'Mr.', 'Bundy', 'albundy', NULL, NULL, NULL, NULL, false),
	(true, '2025-06-21 12:28:08.064861', '7da69d8e-55c7-4a96-ac6d-cb207e4e8a21', '/uploads/profile-pictures/4f4c9853-29e5-4d05-95c7-d85efc034fe8_harley.jpg', 'harley@haha.com', 'Harleen', 'Brooklyn, NY', NULL, '$2a$10$pPa/hEuxrOOfAOga7LBU4uXhL7n6zb/tHzuLHZzAeREBrGATRfH8i', 'Ms.', 'Quinzel', 'harley', 'Hello!', '2026-02-13 10:18:59.675799+00', NULL, NULL, false),
	(true, '2025-07-06 23:54:56.253414', 'd8c038cc-4965-437f-ac37-4865ba4510dd', '/uploads/profile-pictures/a8ea86eb-dc39-4742-8a7e-1808f4f48c75_Alex_DeLarge.jpg', 'alex@clockwork.com', 'Alex', 'London', NULL, '$2a$10$uZsdZk1BxJlafYhYe3QnH.uTHSsK2a89RJmFeQW5OQwEYT4CSI6uO', 'Mr.', 'DeLarge', 'alexlikesmolokoplus', 'I like Moloko Plus and the good ol'' Ludwig Van!', NULL, NULL, NULL, false),
	(false, '2025-07-07 00:04:49.973131', '3fb77b1c-8670-40a2-929b-2b021f6e3e61', '/uploads/profile-pictures/0c6e58ad-9426-46ef-8762-b8050317485e_waynearnold.jpg', 'wayne@arnold.com', 'Wayne', 'Sunnyville', NULL, '$2a$10$oN8WOlONNLGwn9uRRfId3OqMsQzoNgkrV2PsSNqKPCOgA21RUJy0i', 'Mr.', 'Arnold', 'wayne', NULL, '2026-02-18 10:27:22.550876+00', NULL, '2026-02-18 10:27:22.522743+00', false),
	(true, '2025-06-21 12:48:46.048244', '7767118c-19bd-4c28-8129-c0abda74b46c', '/uploads/profile-pictures/67314290-8700-4f0f-94f4-0da7ed05dbf4_gg.jpg', 'gg@ggallin.com', 'GG', 'Lancaster, NH', NULL, '$2a$10$D8rKBvbxlFu6aqbGBJhO1edbYgGL61uqxnbKqEeKnvOuX4PcWZbZK', 'Mr.', 'Allin', 'ggallin', NULL, NULL, NULL, NULL, false),
	(true, '2025-10-11 00:31:55.417063', '573cb207-ea43-49f4-add2-89e078772908', '/uploads/profile-pictures/00ea7946-79aa-4c38-8206-deaa972e3958_breitfuss.jpg', 'breitfuss@ma2412.at', 'Engelbert', 'Vienna', NULL, '$2a$10$oN8WOlONNLGwn9uRRfId3OqMsQzoNgkrV2PsSNqKPCOgA21RUJy0i', 'Ing.', 'Breitfuß', 'Bertl', NULL, NULL, NULL, NULL, false),
	(true, '2025-10-11 01:21:45.8209', '6b533028-27ca-4e5d-974a-5f89eca76f1d', '/uploads/profile-pictures/188ec08d-40fb-48ec-a02f-355402292b38_hercules.jpg', 'hercules@olympia.gr', 'Hercules', 'New York', NULL, '$2a$10$oN8WOlONNLGwn9uRRfId3OqMsQzoNgkrV2PsSNqKPCOgA21RUJy0i', 'Mr.', 'Herakles', 'hercules', NULL, NULL, NULL, NULL, false),
	(false, '2025-07-11 18:18:58.15966', '91740f77-0b27-4db8-a4b8-5b2b62a25664', '/uploads/profile-pictures/911ae559-2c12-44d3-bd50-9b556e6d3885_franzi.jpg', 'fuenfer@wienerlinien.at', 'Franzi', 'Wien', NULL, '$2a$10$oN8WOlONNLGwn9uRRfId3OqMsQzoNgkrV2PsSNqKPCOgA21RUJy0i', 'Mr.', 'Mayerhofer', '5er', NULL, NULL, NULL, NULL, false),
	(true, '2025-06-21 11:04:07.308963', 'cb0d70b4-8ac6-4045-8a77-55be2583f2a8', '/uploads/profile-pictures/6eaaa0c2-0e78-4171-a069-5e5fda5794d8_batman.jpg', 'batman@batcave.com', 'Bruce', 'Gotham City, NJ', NULL, '$2a$10$5w1WYzs.b9TG2owTTE6c2eKgbsuJ3UuDlLYhdsOrC4RPIiZBxOzBC', 'Mr.', 'Wayne', 'batman', NULL, '2026-02-18 14:13:14.0155+00', NULL, '2026-02-18 14:13:13.154561+00', false),
	(true, '2025-11-15 12:34:57.23755', '129d2530-228c-4da1-b89c-3189fc76f666', '/uploads/profile-pictures/75b3ac4b-4140-4439-8efd-b9185a69aefc_snoop.jpg', 'snoopdogg@deathrow.com', 'Calvin', 'Long Beach, CA', NULL, '$2a$10$yPG3MxaRKdvG6.hL/35al.u3hrv.VRGDfk5p/d00h8vHQVpKAEpq.', 'Mr.', 'Broadus', 'snoopdogg', NULL, NULL, NULL, NULL, false),
	(false, '2025-11-20 23:39:03.446264', '5af1fd99-2327-4da5-bd08-99faf78dffe8', '/uploads/profile-pictures/62122e5a-2f90-4244-9c51-15c5471d8e6f_kottan.jpg', 'kottan@polizei.gv.at', 'Adolf', 'Wien', NULL, '$2a$10$/DvKPEwCC.OqXUiOHJo5yeQXtu49fH8FMn4TU.soaWU5qcti/.CEe', 'Major', 'Kottan', 'Kottan', NULL, NULL, NULL, NULL, false),
	(true, '2025-09-19 19:18:36.430076', 'e2540d46-4540-4223-b07c-78421260c91e', '/uploads/profile-pictures/9dbdb354-5028-4237-a092-5d0cd2eae63c_skeletor2.jpg', 'skeletor@mastersoftheuniverse.com', 'Skele', 'Universe', NULL, '$2a$10$uZsdZk1BxJlafYhYe3QnH.uTHSsK2a89RJmFeQW5OQwEYT4CSI6uO', 'Mr.', 'Toro', 'skeletor', 'I am the mighty Skeletor, right? Right!', '2026-02-27 14:46:57.09561+00', 'US', NULL, false),
	(true, '2025-07-06 23:59:05.635171', 'f18e96c7-6416-4f51-87d5-4cd229715933', '/uploads/profile-pictures/f18e96c7-6416-4f51-87d5-4cd229715933_blackknight.jpg', 'knight@black.co.uk', 'Black', 'Wales', NULL, '$2a$10$TMWMRG70eUohMTq.0W4OjeYjXLhnRwYVl3tnDWAuACNNmHfmdummq', 'Mr.', 'Knight', 'blackknight', NULL, NULL, NULL, NULL, false),
	(false, '2025-07-04 15:40:49.970751', 'f75d02b0-ca03-4c0d-af93-acae8aea85f7', '/uploads/profile-pictures/bcf033ff-550f-49c4-9159-41ae727b1e02_HarryP.jpg', 'potter@gmail.com', 'Harry', 'Hogwards', NULL, '$2a$10$oN8WOlONNLGwn9uRRfId3OqMsQzoNgkrV2PsSNqKPCOgA21RUJy0i', 'Mr.', 'Potter', 'HarryP', NULL, NULL, NULL, NULL, false),
	(false, '2025-07-06 23:47:48.970154', '9d6fa8e4-fd6d-4c25-9439-8ee91077cf47', '/uploads/profile-pictures/0d317296-297b-4108-aa10-ab24a7553d9e_ninahagen.jpg', 'nina@hagen.de', 'Nina', 'Berlin', NULL, '$2a$10$oN8WOlONNLGwn9uRRfId3OqMsQzoNgkrV2PsSNqKPCOgA21RUJy0i', 'Ms.', 'Hagen', 'ninahagen', NULL, NULL, NULL, NULL, false),
	(true, '2025-07-04 15:38:01.15607', '01a26044-6c60-40b6-a449-c72b0d240503', '/uploads/profile-pictures/ab23a9fa-a782-47f8-ab10-bd612316efb8_ozzy.jpg', 'ozzy@blacksabbath.co.uk', 'Ozzy', 'Birmingham', NULL, '$2a$10$oN8WOlONNLGwn9uRRfId3OqMsQzoNgkrV2PsSNqKPCOgA21RUJy0i', 'Mr.', 'Osbourne', 'bateater', NULL, NULL, NULL, NULL, false),
	(false, '2025-11-21 12:59:34.748329', '5c8137d6-eb24-4c34-87d1-38b844281de6', '/uploads/profile-pictures/c0aa9e27-892e-4392-b9d8-b4ef6c7ba202_peggybundy.gif', 'peggy.bundy@gmail.com', 'Peggy', 'Chicago, IL', NULL, '$2a$10$z479o6QLetXTh0KTeG4NjOB6cz95vH2v/kfw6s7ad3zpylMOXvZ92', 'Ms.', 'Bundy', 'peggy', NULL, NULL, NULL, NULL, false),
	(false, '2025-12-04 23:02:25.02838', '8ddd3f63-7b36-402f-bbaa-5cec11d81863', '/uploads/profile-pictures/9b8306c3-e9e5-451f-bf9b-e9303151c45d_derekturnbow.webp', 'derek@strangerthings.com', 'Derek', 'Hawkings, IN', NULL, '$2a$10$oN8WOlONNLGwn9uRRfId3OqMsQzoNgkrV2PsSNqKPCOgA21RUJy0i', 'Mr.', 'Turnbow', 'dipshitderek', NULL, NULL, NULL, NULL, false),
	(false, '2025-10-28 00:25:47.844324', '7991fed0-9b75-4d9c-ae0f-5c385217f4f1', '/uploads/profile-pictures/ebb7fe0a-930d-4f6b-bab0-e8f858e552d0_risitas.jpg', 'elrisitas@laughing.es', 'Juan Joya', 'Sevilla', NULL, '$2a$10$Rex4YmHSfedbq179oPsir.RCgCxCLZozjFnUqlOKT5iDzdbDfcMZy', 'Señor', 'Borja', 'elrisitas', 'Hahahaha!', NULL, NULL, NULL, false),
	(false, '2025-12-04 23:27:54.355396', '7d3e3ec5-e2ab-4f52-b75a-90ddf8d0e806', '/uploads/profile-pictures/f5c065f3-9056-4ef0-9e0f-fa9c0cbe06fb_beetlejuice.jpg', 'beet@juice.com', 'Lester', 'New York City', NULL, '$2a$10$oN8WOlONNLGwn9uRRfId3OqMsQzoNgkrV2PsSNqKPCOgA21RUJy0i', 'Mr.', 'Green', 'beetlejuice', 'Just hangin'' around!', NULL, NULL, NULL, false),
	(false, '2025-12-11 01:02:58.068706', 'cd14af3d-534a-47a0-9bb1-4776a576684b', '/uploads/profile-pictures/be16b736-079e-49cd-b9ef-76f169fc169f_klimt.jpg', 'klimt@secession.at', 'Gustav', 'Vienna', NULL, '$2a$10$WUXpm70Uzq9g4aZQaHZsKuZ0IvXZjjfg3sjRxGe2uyCj0eFOSwg5W', 'Mr.', 'Klimt', 'klimtzug', NULL, NULL, NULL, NULL, false),
	(false, '2025-12-11 00:54:33.878755', '5220c739-9633-4335-b76b-244dfacec1ae', '/uploads/profile-pictures/8b79b222-faf1-416d-b171-ca7a4b587fb4_neukirchner.jpg', 'guenther@sturmgraz.at', 'Günther', 'Graz', NULL, '$2a$10$GWcONbn6ykPayiP/HFGSce0giZiKIIX99eP17KoXH3XTaEmUTgKQe', 'Mr.', 'Neukirchner', 'neuguenea', 'Kane depperten Frogn bitte!', NULL, NULL, NULL, false),
	(false, '2025-12-11 01:09:47.051583', 'c1d425c7-9c86-4f89-92bd-f131fc5caf24', '/uploads/profile-pictures/59af9417-88cf-4638-9a93-48d5098e916b_iggypop.jpg', 'iggy@pop.com', 'James', 'Muskegan, MI', NULL, '$2a$10$TujIi.JEO6Yjk8R9Xxefd.0z3OcQfupWNBhdCxjryX6BBgF5Gfcie', 'Mr.', 'Osterberg', 'iggypop', NULL, NULL, NULL, NULL, false),
	(false, '2026-01-05 14:33:28.309123', '0e8f4193-5c7f-4e84-8d2c-4c0b7609cced', '/uploads/profile-pictures/a1db9993-e7a6-4a39-913b-0a69ee0f0bf1_robin.jpg', 'robin@strangerthings.com', 'Robin', 'Hawkings, IN', NULL, '$2a$10$KJfVayu52pUlXBuAuLXBneW/y9CZH4VlKDMHtsaV.H6h7Z.x7MKF.', 'Ms.', 'Buckley', 'robinbuckley', NULL, NULL, NULL, NULL, false),
	(false, '2026-01-09 13:49:05.472848', 'de89fe03-aaa9-4615-9f2f-a380aa31cba2', '/uploads/profile-pictures/f5c373eb-31a4-414d-8528-015773ab8288_austin-powers2.jpg', 'austin@gmail.com', 'Austin', 'England', NULL, '$2a$10$3ug6aDItSwflnSLwDTvhhuFOoiVx6ZwfPxuIE2YfWQj7i18cQPUM2', 'Mr.', 'Powers', 'austin', NULL, NULL, NULL, NULL, false),
	(true, '2026-02-21 01:38:46.254221', '7d49e816-e52f-4f71-a63a-dc68d337d0be', '/uploads/profile-pictures/33cddba6-a2ce-43f0-a88b-4639864e1cff_Allen_Iverson.jpg', 'theanswer@sixers.com', 'Allen', 'Philadelphia, PA', NULL, '$2a$10$uZsdZk1BxJlafYhYe3QnH.uTHSsK2a89RJmFeQW5OQwEYT4CSI6uO', 'Mr.', 'Iverson', 'theanswer', NULL, '2026-02-21 01:38:46.639181+00', 'US', NULL, false),
	(true, '2026-01-17 18:00:08.354955', 'cff3d733-7df9-4443-bf59-b86c9875bdec', '/uploads/profile-pictures/5ee1e913-5c77-4169-b3c0-efa8ef64c113_tragedy-girls.jpg', 'trgdgrrrlz@gmail.com', 'Tragedy', 'Rosedale', NULL, '$2a$10$CBwJDOMNsmH1rUTwPGXoWeeItIWoBJjGvGfJAzoKzWCE8GFtacHj.', 'Girls', 'Girls', 'tragedygirlz', 'To make an omelette, you have to kill some ex-boyfriends.', NULL, NULL, NULL, false),
	(true, '2026-01-17 17:51:30.079191', '8cdb85c8-01f2-4208-9b91-a0f44f9fb6d4', '/uploads/profile-pictures/ead32bae-7bec-49aa-9932-050dd59c4946_doechii-alligator.jpg', 'doechii@gmail.com', 'Jaylah Ji''mya', 'Los Angeles, CA', NULL, '$2a$10$uZsdZk1BxJlafYhYe3QnH.uTHSsK2a89RJmFeQW5OQwEYT4CSI6uO', 'Ms.', 'Hickmon', 'doechii', NULL, NULL, NULL, NULL, false),
	(true, '2026-01-24 23:38:28.319887', 'd24f5843-57ea-4b06-afe7-98c179bb26d8', '/uploads/profile-pictures/e6118363-4244-4256-b784-6246f52418e0_eminem.jpg', 'em@eminem.com', 'Marshall Bruce', 'Detroit, MI', NULL, '$2a$10$oZRcOEIk/UF80pE/sZHhw.GVpyGMNNfGM9TC6Lu9ucJEA5uGP069W', 'Mr.', 'Mathers III', 'eminem', NULL, NULL, NULL, NULL, false),
	(true, '2026-02-24 09:41:29.553312', 'f65981df-64b7-4ef2-b691-fea20c734852', '/uploads/profile-pictures/b94fd7c4-e793-455a-b435-d1f2bd6ff763_corey-taylor.jpg', 'corey@slipknot.com', 'Corey', 'Des Moines, IA', NULL, '$2a$10$nzLtWOsRMEfrof1T40FI7uQ3J2GIzxxT7MreZU7xdrIKOpxFqXSGC', 'Mr.', 'Taylor', 'corey', NULL, '2026-02-24 09:45:12.5417+00', 'US', NULL, false),
	(true, '2026-02-13 09:51:16.054325', 'b248083d-24a5-4b6f-bf0d-cd61dbc08c4b', '/uploads/profile-pictures/68159a86-cbd3-4946-ac4f-e7c2f1b0590b_wizard.jpg', 'echterzauberer@hogwarts.com', 'Zauberer', 'Hogwarts', NULL, '$2a$10$ogqLP0LaN4s5CZL0nnI66u56ABtkk3F.X0xC6MPHr1mUR73h0WX1u', 'Mr.', 'Bösterreich', 'echterzauberer', 'Na fräuli!', '2026-02-13 09:55:04.629594+00', NULL, NULL, false),
	(true, '2026-02-20 13:59:17.312276', '9f44e558-5748-430e-9fac-38ae8271bc1f', '/uploads/profile-pictures/8016b685-84fe-4bd2-8706-79061d82b347_tom-delonge-banana.gif', 'tom@blink182.com', 'Thomas Matthew', 'San Diego, CA', NULL, '$2a$10$SyF7EUV.5Tm1Kkwrcu38Xe1xbx34UgNuNUN9D9drAJkbbdKcV83Iu', 'Mr.', 'Delonge', 'tom', NULL, '2026-02-20 13:59:17.738244+00', 'US', NULL, false)
ON CONFLICT (id) DO NOTHING;

INSERT INTO "event" (creation_date, "date", modification_date, creator_id, id, pictureuri, description, "location",
                     title, is_private)
VALUES
    ('2025-06-22 19:59:21.048244', '2026-07-04 17:00:00', NULL, 'cb0d70b4-8ac6-4045-8a77-55be2583f2a8', '045fbc61-736a-4be1-baa3-070748e07f17', '/uploads/event-cover-pictures/55daceaa-0a26-407d-b709-d1df1cdd91f5_cooking.jpg', 'Cooking together brings people closer through creativity, teamwork, and shared joy — turning simple ingredients into lasting memories.', 'Vienna, AT', 'Cooking!', false),
	('2025-11-15 21:33:52.686221', '2026-11-26 19:15:00', NULL, 'e2540d46-4540-4223-b07c-78421260c91e', '042081b2-1b0c-4759-bed6-8f54fe056130', '/uploads/event-cover-pictures/f1e2868e-7f5f-401c-9b54-f24fb6717aa1_elrisitas_laughing.jpeg', 'Hilarious evening with a world renowned laughing coach.', 'Sevilla', 'Laughing with El Risitas', false),
	('2025-11-16 00:53:10.518641', '2026-11-21 19:00:00', NULL, 'e2540d46-4540-4223-b07c-78421260c91e', '735a5b18-55c6-4133-9b7b-4f5e47e97096', '/uploads/event-cover-pictures/be32c33d-237c-4045-a9a7-0592d782f1a5_budspencer_terencehill_watschenbaum.png', 'Abhärtung durch das Kassieren von Stereowatschen von den professionellen Stereowatschenverteilern Bud Spencer und Terence Hill.', 'Reumannplatz, Wien', 'Am Watschenbaum rütteln mit Bud Spencer und Terence Hill', false),
	('2026-01-24 23:37:01.516759', '2026-03-24 23:50:14.962', NULL, 'cff3d733-7df9-4443-bf59-b86c9875bdec', '1de45cc3-a06e-468f-b469-509d00d31643', '/uploads/event-cover-pictures/cc481c72-f86c-4f01-9956-c12a571b7fcc_testsite.jpg', 'Join us for an exclusive underground networking event at Nevada''s most historically significant location! We promise the vibes are radiating with energy. Don''t worry about the warning signs—they''re just suggestions. Bring your friends, your curiosity, and ideally a Geiger counter. Refreshments will be served in lead-lined containers. P.S. - Any glowing side effects are purely cosmetic and definitely not permanent. See you there! ☢️', 'Nye County, NV', 'Hangout at the Nevada Test Site', false),
	('2026-01-18 12:34:50.452286', '2026-04-03 19:56:00', NULL, 'cff3d733-7df9-4443-bf59-b86c9875bdec', '58e7618c-0573-43d7-8aa2-3efbd0acdee6', '/uploads/event-cover-pictures/a60bc8e4-6a72-456e-b984-322a4d5b373f_bandb.jpg', 'Expect loud opinions, lowbrow commentary, and a surprising amount of “uhh… huh huh.” Educational value: zero. Entertainment value: regrettably high.', 'Highland, TX', 'Watching TV with Beavis & Butt-Head!', false),
	('2026-01-09 13:43:34.496926', '2026-06-09 16:45:30', NULL, 'cb0d70b4-8ac6-4045-8a77-55be2583f2a8', '78cae4d2-b504-4455-9998-5c5b9f4d0435', '/uploads/event-cover-pictures/2ac3b6d9-6834-4929-a066-f87457e3caa6_beatrix-kiddo.jpg', 'Kill Bill', 'Gotham City, NJ', 'Kill Bill', false),
	('2025-07-11 10:38:08.360601', '2026-07-12 12:00:00', NULL, 'e2540d46-4540-4223-b07c-78421260c91e', 'ccc5d4bc-8d66-4d1a-87e7-a7b18b6c8773', '/uploads/event-cover-pictures/d2dbe905-ee05-4b93-99e1-f438fb253c53_ozzy_bat.jpg', 'A delicious feast with the one and only Ozzy Osbourne', 'Birmingham', 'Bat Eating with Ozzy', true),
	('2026-01-16 16:09:54.649093', '2026-10-08 16:45:30', '2026-02-24 08:18:32.512108', '7da69d8e-55c7-4a96-ac6d-cb207e4e8a21', '94c6fbff-cb33-4f59-8fef-d298ec9e46d2', '/uploads/event-cover-pictures/c082f713-c8b9-43d9-8e5b-12d4fd197a60_hockeymatchjason.jpg', 'Get ready for a great hockey lesson with one of the world''s most unique and acclaimed hockey players', 'Camp Crystal Lake, NJ', 'Hockey Match with Jason', false),
	('2026-02-13 10:14:36.865478', '2026-03-13 11:42:54.403', '2026-02-13 10:14:37.343511', 'b248083d-24a5-4b6f-bf0d-cd61dbc08c4b', '0921bbe6-b5d4-40a6-8beb-8162e6252669', '/uploads/event-cover-pictures/1698db68-aa76-47f2-bdd8-e60c6ce50879_catspoker2.jpg', 'Poker with your favorite cats', 'Hogwarts', 'Catpoker!', false),
	('2025-07-11 10:55:03.235106', '2026-07-13 17:00:00', '2026-02-16 15:28:51.578633', 'cb0d70b4-8ac6-4045-8a77-55be2583f2a8', '40a7f446-78e6-4383-b1cb-84d8f121011f', '/uploads/event-cover-pictures/b6db941d-3c12-4519-8018-7a906e4b9bf6_bachlstmarx.jpg', 'Dope skate session at St. Marx skatepark', 'Vienna', 'Skateboarding St. Marx', true),
	('2026-02-05 23:06:39.411823', '2026-02-13 23:32:00', '2026-02-24 08:30:49.232275', 'e2540d46-4540-4223-b07c-78421260c91e', '434ea97e-be5a-4986-bc7c-0ff8a92c9134', '/uploads/event-cover-pictures/77f728ae-71c6-4d10-97f3-3ef3ad09ad79_dude.jpg', 'Bowling and Drinking White Russians with the Dude', 'Los Angeles, CA', 'Bowling and White Russians with the Dude', false),
	('2026-02-24 09:16:08.610142', '2026-02-24 10:45:50.925', '2026-02-24 09:16:08.620143', 'cb0d70b4-8ac6-4045-8a77-55be2583f2a8', 'e701bd1e-8b6e-404f-923a-6d262b96bb57', NULL, 'Test no picture', 'No picture, AT', 'Test', false),
	('2025-07-11 19:33:23.682237', '2026-02-28 16:00:00', '2026-02-27 15:28:29.428022', '7767118c-19bd-4c28-8129-c0abda74b46c', 'de32052d-645f-41d1-b43c-70621565ff7a', '/uploads/event-cover-pictures/aaf0a06d-8f4a-4dca-ae8d-7d881882abd4_franzi.jpg', 'Cosplaying as a Viennese tram with the master cosplayer Franzi a.k.a. 5er..', 'Vienna', 'Tram Cosplaying', false),
	('2025-05-21 13:59:21.048244', '2026-06-21 20:00:00', '2026-02-27 15:27:17.854925', '7767118c-19bd-4c28-8129-c0abda74b46c', 'aaed8676-8b38-4c7a-b8b1-66dd683a1a96', '/uploads/event-cover-pictures/f40bf03b-c55b-4c6a-801b-9b764fc99262_movie_night.jpg', 'Join us for the most bestest and extravagant movie night ever! Yeah! Bring your friends and don''t forget your own popcorn, nachos and booze!', 'San Juan Capistrano, CA', 'Movie Night', false),
	('2026-01-30 11:06:52.06052', '2026-03-10 19:00:00', '2026-02-23 09:50:16.337944', '7da69d8e-55c7-4a96-ac6d-cb207e4e8a21', '49ff9354-9b8c-4c97-bd27-64be6380d832', '/uploads/event-cover-pictures/e55a34fe-bbdc-4c8f-8db1-4c251c2d5e39_trash-talk.jpg', 'Holy moly, Trash Talk are playing this town. Aaaaaahhhhhh!!', 'Sacramento, CA', 'Punk Show', false),
	('2026-02-23 09:57:04.678298', '2026-03-23 11:25:00', '2026-02-23 09:57:05.005306', 'cb0d70b4-8ac6-4045-8a77-55be2583f2a8', 'aec7084a-2177-46d1-8dcd-daeeb2e41885', '/uploads/event-cover-pictures/e2832c9d-1e10-452a-9b8b-44e5b4598981_duderanch.jpg', 'Hang out with your favorite cowboys at the Dude Ranch! All genders welcome.', 'San Diego, CA', 'Dude Ranch', true),
	('2026-02-23 09:51:31.669113', '2026-03-23 11:20:00', '2026-02-23 09:51:32.081504', '7da69d8e-55c7-4a96-ac6d-cb207e4e8a21', 'fb2b6169-e830-4fd7-874c-2be38299779d', '/uploads/event-cover-pictures/e6bc40f7-8b9a-45df-a976-40823f6fa594_teenage-mutant-ninja-turtles-1990.jpg', 'You know what to expect from this', 'New York City, NY', 'Pizza time with your friends, the Ninja Turtles!', false),
	('2025-11-21 13:06:01.293851', '2026-08-12 19:03:00', NULL, '7da69d8e-55c7-4a96-ac6d-cb207e4e8a21', '129b9ac0-451a-4092-ab16-67ff6f60b32f', '/uploads/event-cover-pictures/7523dcc4-39c8-4b6b-8422-32eb5059638e_70sparty.jpg', '70s Party! with your incredible hosts Boomer, Spaulding & Travis!!!', 'El Segundo, CA', '70s Party!!!', false)
ON CONFLICT (id) DO NOTHING;


INSERT INTO event_event_admins (administered_events_id, event_admins_id)
VALUES
    ('94c6fbff-cb33-4f59-8fef-d298ec9e46d2', '7da69d8e-55c7-4a96-ac6d-cb207e4e8a21'),
	('94c6fbff-cb33-4f59-8fef-d298ec9e46d2', 'cb0d70b4-8ac6-4045-8a77-55be2583f2a8'),
	('aaed8676-8b38-4c7a-b8b1-66dd683a1a96', 'cb0d70b4-8ac6-4045-8a77-55be2583f2a8'),
	('aaed8676-8b38-4c7a-b8b1-66dd683a1a96', '7da69d8e-55c7-4a96-ac6d-cb207e4e8a21'),
	('58e7618c-0573-43d7-8aa2-3efbd0acdee6', 'cff3d733-7df9-4443-bf59-b86c9875bdec'),
	('1de45cc3-a06e-468f-b469-509d00d31643', 'cff3d733-7df9-4443-bf59-b86c9875bdec'),
	('fb2b6169-e830-4fd7-874c-2be38299779d', '7da69d8e-55c7-4a96-ac6d-cb207e4e8a21'),
	('aec7084a-2177-46d1-8dcd-daeeb2e41885', 'cb0d70b4-8ac6-4045-8a77-55be2583f2a8'),
	('de32052d-645f-41d1-b43c-70621565ff7a', '7767118c-19bd-4c28-8129-c0abda74b46c'),
	('aaed8676-8b38-4c7a-b8b1-66dd683a1a96', '7767118c-19bd-4c28-8129-c0abda74b46c'),
	('045fbc61-736a-4be1-baa3-070748e07f17', 'cb0d70b4-8ac6-4045-8a77-55be2583f2a8'),
	('042081b2-1b0c-4759-bed6-8f54fe056130', 'e2540d46-4540-4223-b07c-78421260c91e'),
	('735a5b18-55c6-4133-9b7b-4f5e47e97096', 'e2540d46-4540-4223-b07c-78421260c91e'),
	('78cae4d2-b504-4455-9998-5c5b9f4d0435', 'cb0d70b4-8ac6-4045-8a77-55be2583f2a8'),
	('ccc5d4bc-8d66-4d1a-87e7-a7b18b6c8773', 'e2540d46-4540-4223-b07c-78421260c91e'),
	('0921bbe6-b5d4-40a6-8beb-8162e6252669', 'b248083d-24a5-4b6f-bf0d-cd61dbc08c4b'),
	('40a7f446-78e6-4383-b1cb-84d8f121011f', 'cb0d70b4-8ac6-4045-8a77-55be2583f2a8'),
	('434ea97e-be5a-4986-bc7c-0ff8a92c9134', 'e2540d46-4540-4223-b07c-78421260c91e'),
	('49ff9354-9b8c-4c97-bd27-64be6380d832', '7da69d8e-55c7-4a96-ac6d-cb207e4e8a21'),
	('129b9ac0-451a-4092-ab16-67ff6f60b32f', '7da69d8e-55c7-4a96-ac6d-cb207e4e8a21'),
	('aaed8676-8b38-4c7a-b8b1-66dd683a1a96', 'd8c038cc-4965-437f-ac37-4865ba4510dd'),
	('e701bd1e-8b6e-404f-923a-6d262b96bb57', 'cb0d70b4-8ac6-4045-8a77-55be2583f2a8')
ON CONFLICT (administered_events_id, event_admins_id) DO NOTHING;

INSERT INTO event_participants (attended_events_id, participants_id)
VALUES
    ('045fbc61-736a-4be1-baa3-070748e07f17', '7da69d8e-55c7-4a96-ac6d-cb207e4e8a21'),
	('045fbc61-736a-4be1-baa3-070748e07f17', '7767118c-19bd-4c28-8129-c0abda74b46c'),
	('045fbc61-736a-4be1-baa3-070748e07f17', 'f18e96c7-6416-4f51-87d5-4cd229715933'),
	('aaed8676-8b38-4c7a-b8b1-66dd683a1a96', '7da69d8e-55c7-4a96-ac6d-cb207e4e8a21'),
	('de32052d-645f-41d1-b43c-70621565ff7a', '7da69d8e-55c7-4a96-ac6d-cb207e4e8a21'),
	('aaed8676-8b38-4c7a-b8b1-66dd683a1a96', 'e2540d46-4540-4223-b07c-78421260c91e'),
	('de32052d-645f-41d1-b43c-70621565ff7a', 'e2540d46-4540-4223-b07c-78421260c91e'),
	('434ea97e-be5a-4986-bc7c-0ff8a92c9134', '7da69d8e-55c7-4a96-ac6d-cb207e4e8a21'),
	('434ea97e-be5a-4986-bc7c-0ff8a92c9134', 'd24f5843-57ea-4b06-afe7-98c179bb26d8'),
	('434ea97e-be5a-4986-bc7c-0ff8a92c9134', 'f65981df-64b7-4ef2-b691-fea20c734852'),
	('434ea97e-be5a-4986-bc7c-0ff8a92c9134', '9f44e558-5748-430e-9fac-38ae8271bc1f'),
	('045fbc61-736a-4be1-baa3-070748e07f17', 'cff3d733-7df9-4443-bf59-b86c9875bdec'),
	('aec7084a-2177-46d1-8dcd-daeeb2e41885', '7da69d8e-55c7-4a96-ac6d-cb207e4e8a21'),
	('042081b2-1b0c-4759-bed6-8f54fe056130', 'd24f5843-57ea-4b06-afe7-98c179bb26d8'),
	('1de45cc3-a06e-468f-b469-509d00d31643', 'd24f5843-57ea-4b06-afe7-98c179bb26d8'),
	('58e7618c-0573-43d7-8aa2-3efbd0acdee6', '7da69d8e-55c7-4a96-ac6d-cb207e4e8a21'),
	('0921bbe6-b5d4-40a6-8beb-8162e6252669', 'cff3d733-7df9-4443-bf59-b86c9875bdec'),
	('aaed8676-8b38-4c7a-b8b1-66dd683a1a96', 'cff3d733-7df9-4443-bf59-b86c9875bdec'),
	('aaed8676-8b38-4c7a-b8b1-66dd683a1a96', 'cb0d70b4-8ac6-4045-8a77-55be2583f2a8'),
	('aaed8676-8b38-4c7a-b8b1-66dd683a1a96', '7767118c-19bd-4c28-8129-c0abda74b46c'),
	('aaed8676-8b38-4c7a-b8b1-66dd683a1a96', '8cdb85c8-01f2-4208-9b91-a0f44f9fb6d4'),
	('434ea97e-be5a-4986-bc7c-0ff8a92c9134', '8cdb85c8-01f2-4208-9b91-a0f44f9fb6d4'),
	('58e7618c-0573-43d7-8aa2-3efbd0acdee6', '8cdb85c8-01f2-4208-9b91-a0f44f9fb6d4'),
	('045fbc61-736a-4be1-baa3-070748e07f17', '8cdb85c8-01f2-4208-9b91-a0f44f9fb6d4'),
	('1de45cc3-a06e-468f-b469-509d00d31643', 'cff3d733-7df9-4443-bf59-b86c9875bdec'),
	('0921bbe6-b5d4-40a6-8beb-8162e6252669', '7da69d8e-55c7-4a96-ac6d-cb207e4e8a21'),
	('045fbc61-736a-4be1-baa3-070748e07f17', 'cb0d70b4-8ac6-4045-8a77-55be2583f2a8'),
	('40a7f446-78e6-4383-b1cb-84d8f121011f', 'e2540d46-4540-4223-b07c-78421260c91e'),
	('e701bd1e-8b6e-404f-923a-6d262b96bb57', 'cb0d70b4-8ac6-4045-8a77-55be2583f2a8'),
	('735a5b18-55c6-4133-9b7b-4f5e47e97096', '129d2530-228c-4da1-b89c-3189fc76f666'),
	('042081b2-1b0c-4759-bed6-8f54fe056130', 'e2540d46-4540-4223-b07c-78421260c91e')
ON CONFLICT (attended_events_id, participants_id) DO NOTHING;

INSERT INTO medium (event_id, id, mediumuri, creator_id, creation_date, modification_date)
VALUES
	('045fbc61-736a-4be1-baa3-070748e07f17', '88385e56-0677-4d2b-b80a-2b35069415ae', '/uploads/event-galleries/045fbc61-736a-4be1-baa3-070748e07f17/ce6bc3d4-eb47-4a6f-8982-d91b103aa9b9_snoop.jpg', '7da69d8e-55c7-4a96-ac6d-cb207e4e8a21', NULL, NULL),
	('045fbc61-736a-4be1-baa3-070748e07f17', '42d805ac-7df3-4e96-8151-bf39cf78b684', '/uploads/event-galleries/045fbc61-736a-4be1-baa3-070748e07f17/48b49ce8-3608-4369-a5a0-816abb187b51_therock.jpg', '7da69d8e-55c7-4a96-ac6d-cb207e4e8a21', NULL, NULL),
	('045fbc61-736a-4be1-baa3-070748e07f17', '3f702ae2-16e3-4023-85e9-ada98a308f20', '/uploads/event-galleries/045fbc61-736a-4be1-baa3-070748e07f17/5f37cd30-d15b-4603-931e-1f330b037176_batman.jpg', '7da69d8e-55c7-4a96-ac6d-cb207e4e8a21', NULL, NULL),
	('045fbc61-736a-4be1-baa3-070748e07f17', '3d545152-7e5b-4df1-91c6-56c60ae0c6b4', '/uploads/event-galleries/045fbc61-736a-4be1-baa3-070748e07f17/8d410f31-5c39-43fc-95c4-ed60b52534e7_miawallace.jpg', '7da69d8e-55c7-4a96-ac6d-cb207e4e8a21', NULL, NULL),
	('aaed8676-8b38-4c7a-b8b1-66dd683a1a96', '3841398e-ab9a-40fe-a730-6377403cbf0c', '/uploads/event-galleries/aaed8676-8b38-4c7a-b8b1-66dd683a1a96/bde7a89b-7b50-46a1-ad82-2e8901082f5b_undertaker.jpg', '7da69d8e-55c7-4a96-ac6d-cb207e4e8a21', NULL, NULL),
	('ccc5d4bc-8d66-4d1a-87e7-a7b18b6c8773', 'c6b61a02-4956-4bbc-b6b4-d9b271dcda40', '/uploads/event-galleries/ccc5d4bc-8d66-4d1a-87e7-a7b18b6c8773/c58a412a-09fb-4f16-938f-910e5fc6f646_bat.jpg', '7da69d8e-55c7-4a96-ac6d-cb207e4e8a21', NULL, NULL),
	('aaed8676-8b38-4c7a-b8b1-66dd683a1a96', '8770f435-e220-43d9-9e05-02ea45f96d1e', '/uploads/event-galleries/aaed8676-8b38-4c7a-b8b1-66dd683a1a96/bdc64566-d83c-4bfb-b488-854905def2db__DSC0416.jpg', '7da69d8e-55c7-4a96-ac6d-cb207e4e8a21', NULL, NULL),
	('aaed8676-8b38-4c7a-b8b1-66dd683a1a96', '93da385a-2641-451f-b4d1-048205fb8845', '/uploads/event-galleries/aaed8676-8b38-4c7a-b8b1-66dd683a1a96/989e67c9-2aa5-4ac4-a905-9bb63ed7621c_tragedy-girls.jpg', 'cff3d733-7df9-4443-bf59-b86c9875bdec', NULL, NULL),
	('58e7618c-0573-43d7-8aa2-3efbd0acdee6', '57463a0c-6f02-4ba0-b93a-bf3c79b13bce', '/uploads/event-galleries/58e7618c-0573-43d7-8aa2-3efbd0acdee6/8c0462c9-255e-40f2-b87a-2019d37c579a_b_b-hairspray.jpg', 'cff3d733-7df9-4443-bf59-b86c9875bdec', NULL, NULL),
	('0921bbe6-b5d4-40a6-8beb-8162e6252669', '92d3b8e3-b12c-4c54-9cf8-b9d362b35edf', '/uploads/event-galleries/0921bbe6-b5d4-40a6-8beb-8162e6252669/cf24cda0-f3d7-4fc3-9324-cf28b142eaff_catspoker2.jpg', '7da69d8e-55c7-4a96-ac6d-cb207e4e8a21', '2026-02-13 10:18:19.475515+00', '2026-02-13 10:18:19.475515+00'),
	('aaed8676-8b38-4c7a-b8b1-66dd683a1a96', 'c9aa3a50-e5e5-4eea-ab99-4cd0c8331d9b', '/uploads/event-galleries/aaed8676-8b38-4c7a-b8b1-66dd683a1a96/ef286404-27bb-40cf-901d-262a752cd109_austinpowers.jpg', 'cb0d70b4-8ac6-4045-8a77-55be2583f2a8', '2026-02-13 14:39:53.39795+00', '2026-02-13 14:39:53.39795+00'),
	('434ea97e-be5a-4986-bc7c-0ff8a92c9134', 'ab14581e-9b71-416b-a182-2248bdd781a5', '/uploads/event-galleries/434ea97e-be5a-4986-bc7c-0ff8a92c9134/6b89cb57-0b0a-45cc-8c10-f2f28a2a126c_beatrix-kiddo.jpg', '7da69d8e-55c7-4a96-ac6d-cb207e4e8a21', '2026-02-17 08:00:58.709853+00', '2026-02-17 08:00:58.709853+00'),
	('de32052d-645f-41d1-b43c-70621565ff7a', 'ba5acd3c-0a6a-477c-8bc2-9b900e1c1c22', '/uploads/event-galleries/de32052d-645f-41d1-b43c-70621565ff7a/e329276e-4f36-4ae0-ae7c-6c9592c32cea_Allen_Iverson.jpg', '7d49e816-e52f-4f71-a63a-dc68d337d0be', '2026-02-21 01:39:18.061755+00', '2026-02-21 01:39:18.061755+00')
ON CONFLICT (id) DO NOTHING;

INSERT INTO "role" (id, name, creation_date, modification_date)
VALUES (0, 'SUPERADMIN', NULL, NULL),
	(1, 'ADMIN', NULL, NULL),
	(2, 'USER', NULL, NULL)
ON CONFLICT (id) DO NOTHING;


INSERT INTO user_comment (creation_date, modification_date, author_id, event_id, id, text)
VALUES
    ('2025-09-14 19:18:15.024199', '2025-12-05 18:10:31.05611', '7767118c-19bd-4c28-8129-c0abda74b46c', 'aaed8676-8b38-4c7a-b8b1-66dd683a1a96', '631ec747-5460-4657-b57b-84435b8ab4b3', 'hi'),
	('2025-12-05 19:25:17.528035', NULL, 'cb0d70b4-8ac6-4045-8a77-55be2583f2a8', '045fbc61-736a-4be1-baa3-070748e07f17', '1dbea455-baed-43f5-a225-69cffe1a3f50', 'Batman loves cooking!'),
	('2025-10-11 09:41:05.80277', NULL, '7767118c-19bd-4c28-8129-c0abda74b46c', 'de32052d-645f-41d1-b43c-70621565ff7a', '562a619b-e23b-45fe-8e82-e79aa448fcba', 'I like trams!'),
	('2025-10-11 09:58:42.903773', NULL, 'cb0d70b4-8ac6-4045-8a77-55be2583f2a8', '40a7f446-78e6-4383-b1cb-84d8f121011f', 'ab048699-df02-45d2-b2e6-4ca74e4fc862', 'Yo! I just bought a new skateboard. I''m gonna join you guys'),
	('2025-10-24 11:16:56.987394', NULL, '7da69d8e-55c7-4a96-ac6d-cb207e4e8a21', 'aaed8676-8b38-4c7a-b8b1-66dd683a1a96', 'e4592c20-6ef7-4f67-a360-9c7835c12699', '<a href="https://google.com">Google</a>'),
	('2025-10-24 15:01:53.821373', NULL, '0219213a-e9ce-451b-9a60-d51fa22af669', 'de32052d-645f-41d1-b43c-70621565ff7a', '4126fc42-3567-49e6-9509-ef077c87a1a6', '4 touchdowns in 1 game!'),
	('2026-01-18 13:04:20.355271', NULL, 'cff3d733-7df9-4443-bf59-b86c9875bdec', '58e7618c-0573-43d7-8aa2-3efbd0acdee6', '5c42661b-c383-4cb0-a6a6-7b173a0f1edd', 'Wohoo! We''re so looking forward to that evening <3'),
	('2026-02-05 23:11:05.538537', '2026-02-11 10:24:12.844864', 'd8c038cc-4965-437f-ac37-4865ba4510dd', '434ea97e-be5a-4986-bc7c-0ff8a92c9134', '7c1edfae-4b2a-494c-9d23-5d51a01050c8', 'Well, well, well, if there''s Moloko Plus, I''m definitely in!'),
	('2025-07-20 16:48:43.222211', NULL, '7767118c-19bd-4c28-8129-c0abda74b46c', 'ccc5d4bc-8d66-4d1a-87e7-a7b18b6c8773', '193a835b-ce74-4af6-8bda-4302b99a6f4c', 'Well that was a fun night!'),
	('2026-02-13 10:16:09.192782', '2026-02-13 10:16:36.722988', 'b248083d-24a5-4b6f-bf0d-cd61dbc08c4b', '0921bbe6-b5d4-40a6-8beb-8162e6252669', '816ea9e9-6079-485f-a559-93b87b298432', 'Katzen, yay!?!'),
	('2026-02-13 10:19:38.447082', '2026-02-13 10:19:38.447082', '7da69d8e-55c7-4a96-ac6d-cb207e4e8a21', '0921bbe6-b5d4-40a6-8beb-8162e6252669', '92b3da7b-3e8f-43dd-b314-f3a8395969f6', 'Cats, woohoo!'),
	('2025-07-11 19:39:34.391567', '2026-02-16 11:14:11.410769', '7da69d8e-55c7-4a96-ac6d-cb207e4e8a21', 'aaed8676-8b38-4c7a-b8b1-66dd683a1a96', '34e14c80-41db-4de1-8e3f-fa7243bd0ff9', 'aaaaahhhhhhh!'),
	('2026-02-17 08:00:49.67915', '2026-02-17 08:00:49.67915', '7da69d8e-55c7-4a96-ac6d-cb207e4e8a21', '434ea97e-be5a-4986-bc7c-0ff8a92c9134', '7d3c5c46-077f-4a0f-976f-8bfcee94284d', 'test'),
	('2025-10-26 14:04:06.762288', NULL, 'e2540d46-4540-4223-b07c-78421260c91e', 'aaed8676-8b38-4c7a-b8b1-66dd683a1a96', '640c8d94-1fa6-4adb-acbf-d6e5bcab9728', 'SELECT * FROM users WHERE 1=1;'),
	('2026-02-17 13:12:54.330201', '2026-02-17 13:12:54.330201', '7da69d8e-55c7-4a96-ac6d-cb207e4e8a21', '0921bbe6-b5d4-40a6-8beb-8162e6252669', '394b6149-928d-4ad1-b3ba-26cf5d9d5428', 'Best poker night ever!'),
	('2025-10-11 13:23:21.187355', '2026-02-17 13:44:03.558942', 'cb0d70b4-8ac6-4045-8a77-55be2583f2a8', 'aaed8676-8b38-4c7a-b8b1-66dd683a1a96', '772b857f-3af8-4c2d-9ca6-984d73eae1f8', 'Batman likes to watch Batman movies because Batman knows Batman delivers the best Batman performances. Alright!?'),
	('2025-10-31 15:32:43.492789', NULL, '0219213a-e9ce-451b-9a60-d51fa22af669', 'aaed8676-8b38-4c7a-b8b1-66dd683a1a96', 'f8adae5c-5580-4b84-9f7b-eb6a00cc11fa', 'Yes it works!'),
	('2026-02-21 01:39:27.277951', '2026-02-21 01:39:27.277951', '7d49e816-e52f-4f71-a63a-dc68d337d0be', 'de32052d-645f-41d1-b43c-70621565ff7a', '75d82dda-de54-466d-8758-50398a5857ac', 'practice!'),
	('2025-10-31 20:45:31.696369', NULL, 'e2540d46-4540-4223-b07c-78421260c91e', 'aaed8676-8b38-4c7a-b8b1-66dd683a1a96', '86f92040-c28a-4b64-b584-0224197f6236', 'SKELECT * FROM skelector;'),
	('2025-11-17 09:40:14.545612', NULL, '7da69d8e-55c7-4a96-ac6d-cb207e4e8a21', '40a7f446-78e6-4383-b1cb-84d8f121011f', 'e08455de-a76a-496e-88e1-5506326fa6ca', 'Bats Shmats!'),
	('2025-11-21 11:02:17.051976', NULL, 'e2540d46-4540-4223-b07c-78421260c91e', 'aaed8676-8b38-4c7a-b8b1-66dd683a1a96', 'd1fb6b70-6f4d-4471-8ddb-2c5fd955d5cf', 'test'),
	('2025-11-21 13:06:52.252766', NULL, '7da69d8e-55c7-4a96-ac6d-cb207e4e8a21', '129b9ac0-451a-4092-ab16-67ff6f60b32f', '70e4e478-f2d5-461a-bc26-6c3c909c05ca', 'Sounds great, I''m in!')
ON CONFLICT (id) DO NOTHING;

INSERT INTO user_roles (user_id, role_id)
VALUES
    ('5af1fd99-2327-4da5-bd08-99faf78dffe8', 2),
	('e2540d46-4540-4223-b07c-78421260c91e', 0),
	('e2540d46-4540-4223-b07c-78421260c91e', 1),
	('e2540d46-4540-4223-b07c-78421260c91e', 2),
	('7d3e3ec5-e2ab-4f52-b75a-90ddf8d0e806', 2),
	('8ddd3f63-7b36-402f-bbaa-5cec11d81863', 2),
	('f18e96c7-6416-4f51-87d5-4cd229715933', 2),
	('5220c739-9633-4335-b76b-244dfacec1ae', 2),
	('cd14af3d-534a-47a0-9bb1-4776a576684b', 2),
	('c1d425c7-9c86-4f89-92bd-f131fc5caf24', 2),
	('f75d02b0-ca03-4c0d-af93-acae8aea85f7', 2),
	('9d6fa8e4-fd6d-4c25-9439-8ee91077cf47', 2),
	('0219213a-e9ce-451b-9a60-d51fa22af669', 2),
	('01a26044-6c60-40b6-a449-c72b0d240503', 2),
	('d8c038cc-4965-437f-ac37-4865ba4510dd', 2),
	('5c8137d6-eb24-4c34-87d1-38b844281de6', 2),
	('7991fed0-9b75-4d9c-ae0f-5c385217f4f1', 2),
	('8cdb85c8-01f2-4208-9b91-a0f44f9fb6d4', 2),
	('cff3d733-7df9-4443-bf59-b86c9875bdec', 2),
	('d24f5843-57ea-4b06-afe7-98c179bb26d8', 2),
	('b248083d-24a5-4b6f-bf0d-cd61dbc08c4b', 2),
	('129d2530-228c-4da1-b89c-3189fc76f666', 2),
	('9f44e558-5748-430e-9fac-38ae8271bc1f', 2),
	('7d49e816-e52f-4f71-a63a-dc68d337d0be', 2),
	('f65981df-64b7-4ef2-b691-fea20c734852', 2),
	('7da69d8e-55c7-4a96-ac6d-cb207e4e8a21', 2),
	('7da69d8e-55c7-4a96-ac6d-cb207e4e8a21', 0),
	('7da69d8e-55c7-4a96-ac6d-cb207e4e8a21', 1),
	('6b533028-27ca-4e5d-974a-5f89eca76f1d', 2),
	('6b533028-27ca-4e5d-974a-5f89eca76f1d', 1),
	('91740f77-0b27-4db8-a4b8-5b2b62a25664', 2),
	('91740f77-0b27-4db8-a4b8-5b2b62a25664', 1),
	('573cb207-ea43-49f4-add2-89e078772908', 1),
	('573cb207-ea43-49f4-add2-89e078772908', 2),
	('0e8f4193-5c7f-4e84-8d2c-4c0b7609cced', 2),
	('cb0d70b4-8ac6-4045-8a77-55be2583f2a8', 2),
	('de89fe03-aaa9-4615-9f2f-a380aa31cba2', 2),
	('3fb77b1c-8670-40a2-929b-2b021f6e3e61', 2),
	('3fb77b1c-8670-40a2-929b-2b021f6e3e61', 1),
	('7767118c-19bd-4c28-8129-c0abda74b46c', 2)
ON CONFLICT (user_id, role_id) DO NOTHING;